company,description,website
Competitor A,Offers AI-driven automation platforms for finance and operations.,https://www.companya.com
Competitor B,Provides end-to-end supply chain optimization tools for retail businesses.,https://www.companyb.com
Competitor C,Develops cloud-native HR management systems with embedded analytics.,https://www.companyc.com
Competitor D,Delivers logistics visibility solutions with IoT-based tracking.,https://www.companyd.com
Competitor E,Specializes in AI content generation tools for marketing agencies.,https://www.companye.com
Competitor F,Focuses on cybersecurity platforms for small-to-medium enterprises.,https://www.companyf.com
Competitor G,Provides robotic process automation software for enterprise back offices.,https://www.companyg.com
Competitor H,Offers e-commerce personalization engines using machine learning.,https://www.companyh.com
Competitor I,Delivers predictive maintenance software for manufacturing plants.,https://www.companyi.com
Competitor J,Builds virtual assistants for customer service in banking.,https://www.companyj.com
Competitor K,Offers data labeling and annotation services for AI training.,https://www.companyk.com
Competitor L,Provides ESG compliance software for corporations.,https://www.companyl.com
Competitor M,Delivers visual search and recommendation engines for fashion retailers.,https://www.companym.com
Competitor N,Builds AI platforms for real-time fraud detection in fintech.,https://www.companyn.com
Competitor O,Specializes in autonomous drone-based warehouse inventory systems.,https://www.companyo.com
Competitor P,Offers mobile-first CRM tools for sales and support teams.,https://www.companyp.com
Competitor Q,Develops intelligent document processing software for legal firms.,https://www.companyq.com
Competitor R,Provides smart scheduling solutions for hospitals and clinics.,https://www.companyr.com
Competitor S,Offers multilingual chatbot platforms for global e-commerce.,https://www.companys.com
Competitor T,Focuses on sustainability analytics tools for agriculture supply chains.,https://www.companyt.com
Competitor U,Provides AI-powered lead scoring systems for B2B sales.,https://www.companyu.com
Competitor V,Builds digital twins for smart cities and infrastructure planning.,https://www.companyv.com
Competitor W,Develops voice analytics software for call center optimization.,https://www.companyw.com
Competitor X,Offers end-to-end automation for restaurant and food delivery businesses.,https://www.companyx.com
Competitor Y,Delivers intelligent financial dashboards for small business owners.,https://www.companyy.com
